{"train/learning_rate":1.961297071129707e-08,"total_flos":0,"train/global_step":23900,"_timestamp":1.746683665450591e+09,"eval/runtime":8.3346,"_step":976,"train/loss":0.4515,"eval/steps_per_second":63.83,"train_samples_per_second":725.344,"eval/samples_per_second":2039.681,"train/epoch":19.98389458272328,"train/grad_norm":18.220788955688477,"_runtime":4246.449181363,"train_loss":3.749228135871089,"train_runtime":4218.6894,"eval/loss":0.46174129843711853,"_wandb":{"runtime":4246},"train_steps_per_second":5.665}