{"train_steps_per_second":5.693,"train/global_step":23900,"_step":976,"train/epoch":19.98389458272328,"_runtime":4225.220133482,"eval/steps_per_second":63.092,"train/loss":0.0605,"_wandb":{"runtime":4225},"train/grad_norm":0.38973796367645264,"eval/loss":0.10532886534929276,"total_flos":0,"train/learning_rate":1.961297071129707e-08,"eval/samples_per_second":2016.091,"train_samples_per_second":728.885,"_timestamp":1.7466949892590697e+09,"train_loss":0.24910852222512456,"train_runtime":4198.196,"eval/runtime":8.4322}