{"train/epoch":9.989779451317913,"train_samples_per_second":738.729,"train_steps_per_second":5.767,"_runtime":1637.420500858,"_step":371,"train_loss":1.5704499321168668,"train/learning_rate":8.775008775008775e-08,"_wandb":{"runtime":1637},"train/grad_norm":71.38101959228516,"train_runtime":1610.8753,"total_flos":0,"train/global_step":9290,"train/loss":0.2329,"_timestamp":1.7467312816004605e+09}