{"eval/loss":0.09330157935619354,"train_steps_per_second":5.004,"total_flos":0,"train/global_step":9290,"eval/runtime":25.2365,"eval/samples_per_second":2020.879,"_timestamp":1.7467292470536616e+09,"_runtime":1883.593393636,"_step":381,"train/learning_rate":8.775008775008775e-08,"train_runtime":1856.5479,"train/loss":0.1558,"eval/steps_per_second":63.162,"train/grad_norm":42.617698669433594,"train_loss":0.8576831760524548,"train_samples_per_second":640.975,"train/epoch":9.989779451317913,"_wandb":{"runtime":1884}}